event_name,event_timestamp,user_pseudo_id
screen1,0,0
screen1,0,1
screen1,0,2
screen1,0,3
screen1,0,4
screen1,0,5
screen1,0,6
screen1,0,7
screen1,0,8
screen1,0,9
screen1,0,10
screen1,0,11
screen1,0,12
screen1,0,13
screen1,0,14
screen1,0,15
screen1,0,16
screen1,0,17
screen1,0,18
screen1,0,19
screen1,0,20
screen1,0,21
screen1,0,22
screen1,0,23
screen1,0,24
screen1,0,25
screen1,0,26
screen1,0,27
screen1,0,28
screen1,0,29
screen1,0,30
screen1,0,31
screen1,0,32
screen1,0,33
screen1,0,34
screen1,0,35
screen1,0,36
screen1,0,37
screen1,0,38
screen1,0,39
screen1,0,40
screen1,0,41
screen1,0,42
screen1,0,43
screen1,0,44
screen1,0,45
screen1,0,46
screen1,0,47
screen1,0,48
screen1,0,49
screen1,0,50
screen1,0,51
screen1,0,52
screen1,0,53
screen1,0,54
screen1,0,55
screen1,0,56
screen1,0,57
screen1,0,58
screen1,0,59
screen1,0,60
screen1,0,61
screen1,0,62
screen1,0,63
screen1,0,64
screen1,0,65
screen1,0,66
screen1,0,67
screen1,0,68
screen1,0,69
screen1,0,70
screen1,0,71
screen1,0,72
screen1,0,73
screen1,0,74
screen1,0,75
screen1,0,76
screen1,0,77
screen1,0,78
screen1,0,79
screen1,0,80
screen1,0,81
screen1,0,82
screen1,0,83
screen1,0,84
screen1,0,85
screen1,0,86
screen1,0,87
screen1,0,88
screen1,0,89
screen1,0,90
screen1,0,91
screen1,0,92
screen1,0,93
screen1,0,94
screen1,0,95
screen1,0,96
screen1,0,97
screen1,0,98
screen1,0,99
screen1,0,100
screen1,0,101
screen1,0,102
screen1,0,103
screen1,0,104
screen1,0,105
screen1,0,106
screen1,0,107
screen1,0,108
screen1,0,109
screen1,0,110
screen1,0,111
screen1,0,112
screen1,0,113
screen1,0,114
screen1,0,115
screen1,0,116
screen1,0,117
screen1,0,118
screen1,0,119
screen1,0,120
screen1,0,121
screen1,0,122
screen1,0,123
screen1,0,124
screen1,0,125
screen1,0,126
screen1,0,127
screen1,0,128
screen1,0,129
screen1,0,130
screen1,0,131
screen1,0,132
screen1,0,133
screen1,0,134
screen1,0,135
screen1,0,136
screen1,0,137
screen1,0,138
screen1,0,139
screen1,0,140
screen1,0,141
screen1,0,142
screen1,0,143
screen1,0,144
screen1,0,145
screen1,0,146
screen1,0,147
screen1,0,148
screen1,0,149
screen1,0,150
screen1,0,151
screen1,0,152
screen1,0,153
screen1,0,154
screen1,0,155
screen1,0,156
screen1,0,157
screen1,0,158
screen1,0,159
screen1,0,160
screen1,0,161
screen1,0,162
screen1,0,163
screen1,0,164
screen1,0,165
screen1,0,166
screen1,0,167
screen1,0,168
screen1,0,169
screen1,0,170
screen1,0,171
screen1,0,172
screen1,0,173
screen1,0,174
screen1,0,175
screen1,0,176
screen1,0,177
screen1,0,178
screen1,0,179
screen1,0,180
screen1,0,181
screen1,0,182
screen1,0,183
screen1,0,184
screen1,0,185
screen1,0,186
screen1,0,187
screen1,0,188
screen1,0,189
screen1,0,190
screen1,0,191
screen1,0,192
screen1,0,193
screen1,0,194
screen1,0,195
screen1,0,196
screen1,0,197
screen1,0,198
screen1,0,199
screen1,0,200
screen1,0,201
screen1,0,202
screen1,0,203
screen1,0,204
screen1,0,205
screen1,0,206
screen1,0,207
screen1,0,208
screen1,0,209
screen1,0,210
screen1,0,211
screen1,0,212
screen1,0,213
screen1,0,214
screen1,0,215
screen1,0,216
screen1,0,217
screen1,0,218
screen1,0,219
screen1,0,220
screen1,0,221
screen1,0,222
screen1,0,223
screen1,0,224
screen1,0,225
screen1,0,226
screen1,0,227
screen1,0,228
screen1,0,229
screen1,0,230
screen1,0,231
screen1,0,232
screen1,0,233
screen1,0,234
screen1,0,235
screen1,0,236
screen1,0,237
screen1,0,238
screen1,0,239
screen1,0,240
screen1,0,241
screen1,0,242
screen1,0,243
screen1,0,244
screen1,0,245
screen1,0,246
screen1,0,247
screen1,0,248
screen1,0,249
screen1,0,250
screen1,0,251
screen1,0,252
screen1,0,253
screen1,0,254
screen1,0,255
screen1,0,256
screen1,0,257
screen1,0,258
screen1,0,259
screen1,0,260
screen1,0,261
screen1,0,262
screen1,0,263
screen1,0,264
screen1,0,265
screen1,0,266
screen1,0,267
screen1,0,268
screen1,0,269
screen1,0,270
screen1,0,271
screen1,0,272
screen1,0,273
screen1,0,274
screen1,0,275
screen1,0,276
screen1,0,277
screen1,0,278
screen1,0,279
screen1,0,280
screen1,0,281
screen1,0,282
screen1,0,283
screen1,0,284
screen1,0,285
screen1,0,286
screen1,0,287
screen1,0,288
screen1,0,289
screen1,0,290
screen1,0,291
screen1,0,292
screen1,0,293
screen1,0,294
screen1,0,295
screen1,0,296
screen1,0,297
screen1,0,298
screen1,0,299
screen1,0,300
screen1,0,301
screen1,0,302
screen1,0,303
screen1,0,304
screen1,0,305
screen1,0,306
screen1,0,307
screen1,0,308
screen1,0,309
screen1,0,310
screen1,0,311
screen1,0,312
screen1,0,313
screen1,0,314
screen1,0,315
screen1,0,316
screen1,0,317
screen1,0,318
screen1,0,319
screen1,0,320
screen1,0,321
screen1,0,322
screen1,0,323
screen1,0,324
screen1,0,325
screen1,0,326
screen1,0,327
screen1,0,328
screen1,0,329
screen1,0,330
screen1,0,331
screen1,0,332
screen1,0,333
screen1,0,334
screen1,0,335
screen1,0,336
screen1,0,337
screen1,0,338
screen1,0,339
screen1,0,340
screen1,0,341
screen1,0,342
screen1,0,343
screen1,0,344
screen1,0,345
screen1,0,346
screen1,0,347
screen1,0,348
screen1,0,349
screen1,0,350
screen1,0,351
screen1,0,352
screen1,0,353
screen1,0,354
screen1,0,355
screen1,0,356
screen1,0,357
screen1,0,358
screen1,0,359
screen1,0,360
screen1,0,361
screen1,0,362
screen1,0,363
screen1,0,364
screen1,0,365
screen1,0,366
screen1,0,367
screen1,0,368
screen1,0,369
screen1,0,370
screen1,0,371
screen1,0,372
screen1,0,373
screen1,0,374
screen1,0,375
screen1,0,376
screen1,0,377
screen1,0,378
screen1,0,379
screen1,0,380
screen1,0,381
screen1,0,382
screen1,0,383
screen1,0,384
screen1,0,385
screen1,0,386
screen1,0,387
screen1,0,388
screen1,0,389
screen1,0,390
screen1,0,391
screen1,0,392
screen1,0,393
screen1,0,394
screen1,0,395
screen1,0,396
screen1,0,397
screen1,0,398
screen1,0,399
screen1,0,400
screen1,0,401
screen1,0,402
screen1,0,403
screen1,0,404
screen1,0,405
screen1,0,406
screen1,0,407
screen1,0,408
screen1,0,409
screen1,0,410
screen1,0,411
screen1,0,412
screen1,0,413
screen1,0,414
screen1,0,415
screen1,0,416
screen1,0,417
screen1,0,418
screen1,0,419
screen1,0,420
screen1,0,421
screen1,0,422
screen1,0,423
screen1,0,424
screen1,0,425
screen1,0,426
screen1,0,427
screen1,0,428
screen1,0,429
screen1,0,430
screen1,0,431
screen1,0,432
screen1,0,433
screen1,0,434
screen1,0,435
screen1,0,436
screen1,0,437
screen1,0,438
screen1,0,439
screen1,0,440
screen1,0,441
screen1,0,442
screen1,0,443
screen1,0,444
screen1,0,445
screen1,0,446
screen1,0,447
screen1,0,448
screen1,0,449
screen1,0,450
screen1,0,451
screen1,0,452
screen1,0,453
screen1,0,454
screen1,0,455
screen1,0,456
screen1,0,457
screen1,0,458
screen1,0,459
screen1,0,460
screen1,0,461
screen1,0,462
screen1,0,463
screen1,0,464
screen1,0,465
screen1,0,466
screen1,0,467
screen1,0,468
screen1,0,469
screen1,0,470
screen1,0,471
screen1,0,472
screen1,0,473
screen1,0,474
screen1,0,475
screen1,0,476
screen1,0,477
screen1,0,478
screen1,0,479
screen1,0,480
screen1,0,481
screen1,0,482
screen1,0,483
screen1,0,484
screen1,0,485
screen1,0,486
screen1,0,487
screen1,0,488
screen1,0,489
screen1,0,490
screen1,0,491
screen1,0,492
screen1,0,493
screen1,0,494
screen1,0,495
screen1,0,496
screen1,0,497
screen1,0,498
screen1,0,499
screen1,0,500
screen1,0,501
screen1,0,502
screen1,0,503
screen1,0,504
screen1,0,505
screen1,0,506
screen1,0,507
screen1,0,508
screen1,0,509
screen1,0,510
screen1,0,511
screen1,0,512
screen1,0,513
screen1,0,514
screen1,0,515
screen1,0,516
screen1,0,517
screen1,0,518
screen1,0,519
screen1,0,520
screen1,0,521
screen1,0,522
screen1,0,523
screen1,0,524
screen1,0,525
screen1,0,526
screen1,0,527
screen1,0,528
screen1,0,529
screen1,0,530
screen1,0,531
screen1,0,532
screen1,0,533
screen1,0,534
screen1,0,535
screen1,0,536
screen1,0,537
screen1,0,538
screen1,0,539
screen1,0,540
screen1,0,541
screen1,0,542
screen1,0,543
screen1,0,544
screen1,0,545
screen1,0,546
screen1,0,547
screen1,0,548
screen1,0,549
screen1,0,550
screen1,0,551
screen1,0,552
screen1,0,553
screen1,0,554
screen1,0,555
screen1,0,556
screen1,0,557
screen1,0,558
screen1,0,559
screen1,0,560
screen1,0,561
screen1,0,562
screen1,0,563
screen1,0,564
screen1,0,565
screen1,0,566
screen1,0,567
screen1,0,568
screen1,0,569
screen1,0,570
screen1,0,571
screen1,0,572
screen1,0,573
screen1,0,574
screen1,0,575
screen1,0,576
screen1,0,577
screen1,0,578
screen1,0,579
screen1,0,580
screen1,0,581
screen1,0,582
screen1,0,583
screen1,0,584
screen1,0,585
screen1,0,586
screen1,0,587
screen1,0,588
screen1,0,589
screen1,0,590
screen1,0,591
screen1,0,592
screen1,0,593
screen1,0,594
screen1,0,595
screen1,0,596
screen1,0,597
screen1,0,598
screen1,0,599
screen1,0,600
screen1,0,601
screen1,0,602
screen1,0,603
screen1,0,604
screen1,0,605
screen1,0,606
screen1,0,607
screen1,0,608
screen1,0,609
screen1,0,610
screen1,0,611
screen1,0,612
screen1,0,613
screen1,0,614
screen1,0,615
screen1,0,616
screen1,0,617
screen1,0,618
screen1,0,619
screen1,0,620
screen1,0,621
screen1,0,622
screen1,0,623
screen1,0,624
screen1,0,625
screen1,0,626
screen1,0,627
screen1,0,628
screen1,0,629
screen1,0,630
screen1,0,631
screen1,0,632
screen1,0,633
screen1,0,634
screen1,0,635
screen1,0,636
screen1,0,637
screen1,0,638
screen1,0,639
screen1,0,640
screen1,0,641
screen1,0,642
screen1,0,643
screen1,0,644
screen1,0,645
screen1,0,646
screen1,0,647
screen1,0,648
screen1,0,649
screen1,0,650
screen1,0,651
screen1,0,652
screen1,0,653
screen1,0,654
screen1,0,655
screen1,0,656
screen1,0,657
screen1,0,658
screen1,0,659
screen1,0,660
screen1,0,661
screen1,0,662
screen1,0,663
screen1,0,664
screen1,0,665
screen1,0,666
screen1,0,667
screen1,0,668
screen1,0,669
screen1,0,670
screen1,0,671
screen1,0,672
screen1,0,673
screen1,0,674
screen1,0,675
screen1,0,676
screen1,0,677
screen1,0,678
screen1,0,679
screen1,0,680
screen1,0,681
screen1,0,682
screen1,0,683
screen1,0,684
screen1,0,685
screen1,0,686
screen1,0,687
screen1,0,688
screen1,0,689
screen1,0,690
screen1,0,691
screen1,0,692
screen1,0,693
screen1,0,694
screen1,0,695
screen1,0,696
screen1,0,697
screen1,0,698
screen1,0,699
screen1,0,700
screen1,0,701
screen1,0,702
screen1,0,703
screen1,0,704
screen1,0,705
screen1,0,706
screen1,0,707
screen1,0,708
screen1,0,709
screen1,0,710
screen1,0,711
screen1,0,712
screen1,0,713
screen1,0,714
screen1,0,715
screen1,0,716
screen1,0,717
screen1,0,718
screen1,0,719
screen1,0,720
screen1,0,721
screen1,0,722
screen1,0,723
screen1,0,724
screen1,0,725
screen1,0,726
screen1,0,727
screen1,0,728
screen1,0,729
screen1,0,730
screen1,0,731
screen1,0,732
screen1,0,733
screen1,0,734
screen1,0,735
screen1,0,736
screen1,0,737
screen1,0,738
screen1,0,739
screen1,0,740
screen1,0,741
screen1,0,742
screen1,0,743
screen1,0,744
screen1,0,745
screen1,0,746
screen1,0,747
screen1,0,748
screen1,0,749
screen1,0,750
screen1,0,751
screen1,0,752
screen1,0,753
screen1,0,754
screen1,0,755
screen1,0,756
screen1,0,757
screen1,0,758
screen1,0,759
screen1,0,760
screen1,0,761
screen1,0,762
screen1,0,763
screen1,0,764
screen1,0,765
screen1,0,766
screen1,0,767
screen1,0,768
screen1,0,769
screen1,0,770
screen1,0,771
screen1,0,772
screen1,0,773
screen1,0,774
screen1,0,775
screen1,0,776
screen1,0,777
screen1,0,778
screen1,0,779
screen1,0,780
screen1,0,781
screen1,0,782
screen1,0,783
screen1,0,784
screen1,0,785
screen1,0,786
screen1,0,787
screen1,0,788
screen1,0,789
screen1,0,790
screen1,0,791
screen1,0,792
screen1,0,793
screen1,0,794
screen1,0,795
screen1,0,796
screen1,0,797
screen1,0,798
screen1,0,799
screen1,0,800
screen1,0,801
screen1,0,802
screen1,0,803
screen1,0,804
screen1,0,805
screen1,0,806
screen1,0,807
screen1,0,808
screen1,0,809
screen1,0,810
screen1,0,811
screen1,0,812
screen1,0,813
screen1,0,814
screen1,0,815
screen1,0,816
screen1,0,817
screen1,0,818
screen1,0,819
screen1,0,820
screen1,0,821
screen1,0,822
screen1,0,823
screen1,0,824
screen1,0,825
screen1,0,826
screen1,0,827
screen1,0,828
screen1,0,829
screen1,0,830
screen1,0,831
screen1,0,832
screen1,0,833
screen1,0,834
screen1,0,835
screen1,0,836
screen1,0,837
screen1,0,838
screen1,0,839
screen1,0,840
screen1,0,841
screen1,0,842
screen1,0,843
screen1,0,844
screen1,0,845
screen1,0,846
screen1,0,847
screen1,0,848
screen1,0,849
screen1,0,850
screen1,0,851
screen1,0,852
screen1,0,853
screen1,0,854
screen1,0,855
screen1,0,856
screen1,0,857
screen1,0,858
screen1,0,859
screen1,0,860
screen1,0,861
screen1,0,862
screen1,0,863
screen1,0,864
screen1,0,865
screen1,0,866
screen1,0,867
screen1,0,868
screen1,0,869
screen1,0,870
screen1,0,871
screen1,0,872
screen1,0,873
screen1,0,874
screen1,0,875
screen1,0,876
screen1,0,877
screen1,0,878
screen1,0,879
screen1,0,880
screen1,0,881
screen1,0,882
screen1,0,883
screen1,0,884
screen1,0,885
screen1,0,886
screen1,0,887
screen1,0,888
screen1,0,889
screen1,0,890
screen1,0,891
screen1,0,892
screen1,0,893
screen1,0,894
screen1,0,895
screen1,0,896
screen1,0,897
screen1,0,898
screen1,0,899
screen1,0,900
screen1,0,901
screen1,0,902
screen1,0,903
screen1,0,904
screen1,0,905
screen1,0,906
screen1,0,907
screen1,0,908
screen1,0,909
screen1,0,910
screen1,0,911
screen1,0,912
screen1,0,913
screen1,0,914
screen1,0,915
screen1,0,916
screen1,0,917
screen1,0,918
screen1,0,919
screen1,0,920
screen1,0,921
screen1,0,922
screen1,0,923
screen1,0,924
screen1,0,925
screen1,0,926
screen1,0,927
screen1,0,928
screen1,0,929
screen1,0,930
screen1,0,931
screen1,0,932
screen1,0,933
screen1,0,934
screen1,0,935
screen1,0,936
screen1,0,937
screen1,0,938
screen1,0,939
screen1,0,940
screen1,0,941
screen1,0,942
screen1,0,943
screen1,0,944
screen1,0,945
screen1,0,946
screen1,0,947
screen1,0,948
screen1,0,949
screen1,0,950
screen1,0,951
screen1,0,952
screen1,0,953
screen1,0,954
screen1,0,955
screen1,0,956
screen1,0,957
screen1,0,958
screen1,0,959
screen1,0,960
screen1,0,961
screen1,0,962
screen1,0,963
screen1,0,964
screen1,0,965
screen1,0,966
screen1,0,967
screen1,0,968
screen1,0,969
screen1,0,970
screen1,0,971
screen1,0,972
screen1,0,973
screen1,0,974
screen1,0,975
screen1,0,976
screen1,0,977
screen1,0,978
screen1,0,979
screen1,0,980
screen1,0,981
screen1,0,982
screen1,0,983
screen1,0,984
screen1,0,985
screen1,0,986
screen1,0,987
screen1,0,988
screen1,0,989
screen1,0,990
screen1,0,991
screen1,0,992
screen1,0,993
screen1,0,994
screen1,0,995
screen1,0,996
screen1,0,997
screen1,0,998
screen1,0,999
screen1,1,0
screen1,1,1
screen1,1,2
screen1,1,3
screen1,1,4
screen1,1,5
screen1,1,6
screen1,1,7
screen2,1,8
screen1,1,9
screen1,1,10
screen1,1,11
screen1,1,12
screen2,1,13
screen2,1,14
screen1,1,15
screen1,1,16
screen1,1,17
screen2,1,18
screen1,1,19
screen1,1,20
screen1,1,21
screen1,1,22
screen1,1,23
screen1,1,24
screen1,1,25
screen1,1,26
screen2,1,27
screen1,1,28
screen1,1,29
screen2,1,30
screen1,1,31
screen1,1,32
screen2,1,33
screen1,1,34
screen1,1,35
screen1,1,36
screen1,1,37
screen1,1,38
screen1,1,39
screen1,1,40
screen1,1,41
screen1,1,42
screen1,1,43
screen1,1,44
screen2,1,45
screen1,1,46
screen2,1,47
screen1,1,48
screen1,1,49
screen1,1,50
screen1,1,51
screen1,1,52
screen1,1,53
screen2,1,54
screen1,1,55
screen2,1,56
screen1,1,57
screen1,1,58
screen1,1,59
screen2,1,60
screen1,1,61
screen1,1,62
screen1,1,63
screen1,1,64
screen1,1,65
screen1,1,66
screen1,1,67
screen1,1,68
screen2,1,69
screen1,1,70
screen1,1,71
screen1,1,72
screen1,1,73
screen1,1,74
screen1,1,75
screen1,1,76
screen1,1,77
screen1,1,78
screen1,1,79
screen1,1,80
screen1,1,81
screen2,1,82
screen1,1,83
screen1,1,84
screen1,1,85
screen1,1,86
screen2,1,87
screen1,1,88
screen1,1,89
screen1,1,90
screen1,1,91
screen1,1,92
screen1,1,93
screen1,1,94
screen2,1,95
screen1,1,96
screen1,1,97
screen1,1,98
screen1,1,99
screen2,1,100
screen2,1,101
screen1,1,102
screen2,1,103
screen1,1,104
screen2,1,105
screen1,1,106
screen1,1,107
screen1,1,108
screen1,1,109
screen1,1,110
screen1,1,111
screen1,1,112
screen1,1,113
screen1,1,114
screen1,1,115
screen1,1,116
screen1,1,117
screen1,1,118
screen1,1,119
screen1,1,120
screen2,1,121
screen1,1,122
screen2,1,123
screen1,1,124
screen1,1,125
screen1,1,126
screen1,1,127
screen2,1,128
screen1,1,129
screen1,1,130
screen1,1,131
screen1,1,132
screen1,1,133
screen1,1,134
screen1,1,135
screen2,1,136
screen1,1,137
screen1,1,138
screen1,1,139
screen1,1,140
screen1,1,141
screen1,1,142
screen1,1,143
screen1,1,144
screen1,1,145
screen1,1,146
screen1,1,147
screen1,1,148
screen1,1,149
screen1,1,150
screen1,1,151
screen1,1,152
screen1,1,153
screen1,1,154
screen1,1,155
screen1,1,156
screen1,1,157
screen1,1,158
screen1,1,159
screen1,1,160
screen1,1,161
screen1,1,162
screen2,1,163
screen1,1,164
screen1,1,165
screen1,1,166
screen2,1,167
screen1,1,168
screen2,1,169
screen1,1,170
screen1,1,171
screen2,1,172
screen1,1,173
screen2,1,174
screen1,1,175
screen1,1,176
screen2,1,177
screen1,1,178
screen1,1,179
screen1,1,180
screen2,1,181
screen1,1,182
screen1,1,183
screen1,1,184
screen1,1,185
screen1,1,186
screen2,1,187
screen1,1,188
screen1,1,189
screen1,1,190
screen1,1,191
screen1,1,192
screen1,1,193
screen1,1,194
screen1,1,195
screen2,1,196
screen1,1,197
screen1,1,198
screen1,1,199
screen1,1,200
screen1,1,201
screen1,1,202
screen1,1,203
screen3,1,204
screen1,1,205
screen1,1,206
screen1,1,207
screen3,1,208
screen3,1,209
screen1,1,210
screen1,1,211
screen1,1,212
screen3,1,213
screen1,1,214
screen1,1,215
screen3,1,216
screen1,1,217
screen3,1,218
screen1,1,219
screen1,1,220
screen1,1,221
screen1,1,222
screen1,1,223
screen1,1,224
screen1,1,225
screen3,1,226
screen1,1,227
screen1,1,228
screen1,1,229
screen1,1,230
screen3,1,231
screen1,1,232
screen1,1,233
screen1,1,234
screen1,1,235
screen1,1,236
screen1,1,237
screen3,1,238
screen1,1,239
screen1,1,240
screen1,1,241
screen1,1,242
screen1,1,243
screen1,1,244
screen1,1,245
screen3,1,246
screen1,1,247
screen1,1,248
screen1,1,249
screen1,1,250
screen1,1,251
screen1,1,252
screen3,1,253
screen1,1,254
screen1,1,255
screen1,1,256
screen1,1,257
screen1,1,258
screen1,1,259
screen1,1,260
screen3,1,261
screen1,1,262
screen3,1,263
screen1,1,264
screen1,1,265
screen1,1,266
screen1,1,267
screen1,1,268
screen3,1,269
screen1,1,270
screen1,1,271
screen1,1,272
screen3,1,273
screen1,1,274
screen3,1,275
screen3,1,276
screen1,1,277
screen1,1,278
screen1,1,279
screen1,1,280
screen1,1,281
screen1,1,282
screen1,1,283
screen1,1,284
screen1,1,285
screen1,1,286
screen1,1,287
screen1,1,288
screen1,1,289
screen1,1,290
screen1,1,291
screen3,1,292
screen3,1,293
screen1,1,294
screen1,1,295
screen1,1,296
screen1,1,297
screen1,1,298
screen1,1,299
screen1,1,300
screen3,1,301
screen1,1,302
screen1,1,303
screen3,1,304
screen1,1,305
screen1,1,306
screen1,1,307
screen3,1,308
screen1,1,309
screen1,1,310
screen1,1,311
screen1,1,312
screen1,1,313
screen1,1,314
screen1,1,315
screen1,1,316
screen1,1,317
screen1,1,318
screen1,1,319
screen1,1,320
screen1,1,321
screen1,1,322
screen1,1,323
screen1,1,324
screen3,1,325
screen1,1,326
screen1,1,327
screen1,1,328
screen3,1,329
screen1,1,330
screen1,1,331
screen1,1,332
screen3,1,333
screen1,1,334
screen1,1,335
screen1,1,336
screen3,1,337
screen1,1,338
screen1,1,339
screen3,1,340
screen1,1,341
screen1,1,342
screen1,1,343
screen1,1,344
screen3,1,345
screen1,1,346
screen1,1,347
screen1,1,348
screen3,1,349
screen1,1,350
screen1,1,351
screen1,1,352
screen1,1,353
screen1,1,354
screen1,1,355
screen1,1,356
screen1,1,357
screen1,1,358
screen1,1,359
screen1,1,360
screen1,1,361
screen3,1,362
screen1,1,363
screen1,1,364
screen1,1,365
screen1,1,366
screen3,1,367
screen1,1,368
screen1,1,369
screen1,1,370
screen3,1,371
screen1,1,372
screen3,1,373
screen1,1,374
screen1,1,375
screen1,1,376
screen1,1,377
screen1,1,378
screen1,1,379
screen1,1,380
screen1,1,381
screen1,1,382
screen1,1,383
screen1,1,384
screen3,1,385
screen1,1,386
screen1,1,387
screen1,1,388
screen1,1,389
screen1,1,390
screen3,1,391
screen1,1,392
screen1,1,393
screen1,1,394
screen1,1,395
screen3,1,396
screen1,1,397
screen3,1,398
screen1,1,399
screen1,1,400
screen1,1,401
screen3,1,402
screen3,1,403
screen1,1,404
screen1,1,405
screen1,1,406
screen1,1,407
screen1,1,408
screen1,1,409
screen1,1,410
screen1,1,411
screen3,1,412
screen1,1,413
screen3,1,414
screen1,1,415
screen1,1,416
screen3,1,417
screen1,1,418
screen1,1,419
screen1,1,420
screen1,1,421
screen1,1,422
screen1,1,423
screen1,1,424
screen1,1,425
screen1,1,426
screen1,1,427
screen1,1,428
screen1,1,429
screen1,1,430
screen1,1,431
screen1,1,432
screen3,1,433
screen1,1,434
screen1,1,435
screen1,1,436
screen1,1,437
screen1,1,438
screen1,1,439
screen3,1,440
screen1,1,441
screen1,1,442
screen1,1,443
screen1,1,444
screen1,1,445
screen1,1,446
screen3,1,447
screen1,1,448
screen1,1,449
screen1,1,450
screen1,1,451
screen1,1,452
screen3,1,453
screen1,1,454
screen1,1,455
screen1,1,456
screen1,1,457
screen1,1,458
screen1,1,459
screen3,1,460
screen3,1,461
screen1,1,462
screen1,1,463
screen1,1,464
screen3,1,465
screen1,1,466
screen3,1,467
screen1,1,468
screen1,1,469
screen3,1,470
screen1,1,471
screen1,1,472
screen1,1,473
screen3,1,474
screen1,1,475
screen1,1,476
screen1,1,477
screen1,1,478
screen3,1,479
screen1,1,480
screen3,1,481
screen1,1,482
screen1,1,483
screen1,1,484
screen1,1,485
screen1,1,486
screen1,1,487
screen1,1,488
screen1,1,489
screen1,1,490
screen3,1,491
screen3,1,492
screen1,1,493
screen1,1,494
screen3,1,495
screen1,1,496
screen1,1,497
screen1,1,498
screen1,1,499
screen3,1,500
screen1,1,501
screen1,1,502
screen1,1,503
screen1,1,504
screen1,1,505
screen1,1,506
screen1,1,507
screen3,1,508
screen1,1,509
screen3,1,510
screen1,1,511
screen1,1,512
screen1,1,513
screen1,1,514
screen1,1,515
screen1,1,516
screen3,1,517
screen1,1,518
screen1,1,519
screen1,1,520
screen3,1,521
screen1,1,522
screen1,1,523
screen1,1,524
screen1,1,525
screen1,1,526
screen1,1,527
screen1,1,528
screen1,1,529
screen3,1,530
screen3,1,531
screen1,1,532
screen1,1,533
screen1,1,534
screen3,1,535
screen1,1,536
screen1,1,537
screen1,1,538
screen1,1,539
screen1,1,540
screen1,1,541
screen1,1,542
screen1,1,543
screen1,1,544
screen1,1,545
screen1,1,546
screen1,1,547
screen1,1,548
screen1,1,549
screen1,1,550
screen3,1,551
screen3,1,552
screen1,1,553
screen1,1,554
screen1,1,555
screen1,1,556
screen1,1,557
screen1,1,558
screen1,1,559
screen1,1,560
screen3,1,561
screen1,1,562
screen1,1,563
screen3,1,564
screen1,1,565
screen1,1,566
screen1,1,567
screen1,1,568
screen1,1,569
screen1,1,570
screen3,1,571
screen1,1,572
screen1,1,573
screen1,1,574
screen1,1,575
screen1,1,576
screen3,1,577
screen1,1,578
screen1,1,579
screen1,1,580
screen1,1,581
screen3,1,582
screen1,1,583
screen1,1,584
screen3,1,585
screen1,1,586
screen1,1,587
screen1,1,588
screen3,1,589
screen1,1,590
screen1,1,591
screen3,1,592
screen1,1,593
screen1,1,594
screen1,1,595
screen3,1,596
screen1,1,597
screen3,1,598
screen1,1,599
screen1,1,600
screen1,1,601
screen1,1,602
screen1,1,603
screen1,1,604
screen1,1,605
screen1,1,606
screen1,1,607
screen1,1,608
screen1,1,609
screen1,1,610
screen1,1,611
screen3,1,612
screen1,1,613
screen3,1,614
screen1,1,615
screen1,1,616
screen1,1,617
screen1,1,618
screen1,1,619
screen3,1,620
screen3,1,621
screen1,1,622
screen1,1,623
screen1,1,624
screen1,1,625
screen3,1,626
screen1,1,627
screen1,1,628
screen1,1,629
screen1,1,630
screen1,1,631
screen1,1,632
screen1,1,633
screen1,1,634
screen1,1,635
screen1,1,636
screen1,1,637
screen1,1,638
screen1,1,639
screen1,1,640
screen1,1,641
screen3,1,642
screen3,1,643
screen3,1,644
screen1,1,645
screen3,1,646
screen1,1,647
screen1,1,648
screen1,1,649
screen1,1,650
screen1,1,651
screen1,1,652
screen3,1,653
screen3,1,654
screen1,1,655
screen1,1,656
screen1,1,657
screen1,1,658
screen1,1,659
screen3,1,660
screen1,1,661
screen3,1,662
screen1,1,663
screen1,1,664
screen1,1,665
screen1,1,666
screen3,1,667
screen1,1,668
screen3,1,669
screen3,1,670
screen3,1,671
screen1,1,672
screen1,1,673
screen3,1,674
screen1,1,675
screen1,1,676
screen1,1,677
screen1,1,678
screen3,1,679
screen1,1,680
screen1,1,681
screen3,1,682
screen3,1,683
screen1,1,684
screen1,1,685
screen3,1,686
screen1,1,687
screen3,1,688
screen1,1,689
screen1,1,690
screen1,1,691
screen3,1,692
screen1,1,693
screen1,1,694
screen1,1,695
screen1,1,696
screen1,1,697
screen1,1,698
screen1,1,699
screen1,1,700
screen1,1,701
screen1,1,702
screen1,1,703
screen1,1,704
screen1,1,705
screen1,1,706
screen3,1,707
screen1,1,708
screen1,1,709
screen1,1,710
screen1,1,711
screen3,1,712
screen1,1,713
screen1,1,714
screen1,1,715
screen1,1,716
screen1,1,717
screen1,1,718
screen1,1,719
screen1,1,720
screen1,1,721
screen3,1,722
screen1,1,723
screen1,1,724
screen3,1,725
screen1,1,726
screen1,1,727
screen1,1,728
screen3,1,729
screen3,1,730
screen1,1,731
screen1,1,732
screen1,1,733
screen1,1,734
screen1,1,735
screen1,1,736
screen3,1,737
screen1,1,738
screen1,1,739
screen1,1,740
screen3,1,741
screen1,1,742
screen1,1,743
screen1,1,744
screen1,1,745
screen1,1,746
screen1,1,747
screen1,1,748
screen1,1,749
screen3,1,750
screen1,1,751
screen1,1,752
screen1,1,753
screen1,1,754
screen1,1,755
screen1,1,756
screen1,1,757
screen1,1,758
screen1,1,759
screen1,1,760
screen1,1,761
screen1,1,762
screen1,1,763
screen1,1,764
screen1,1,765
screen1,1,766
screen1,1,767
screen3,1,768
screen1,1,769
screen1,1,770
screen1,1,771
screen1,1,772
screen1,1,773
screen1,1,774
screen3,1,775
screen1,1,776
screen1,1,777
screen1,1,778
screen1,1,779
screen1,1,780
screen3,1,781
screen1,1,782
screen1,1,783
screen1,1,784
screen1,1,785
screen1,1,786
screen1,1,787
screen1,1,788
screen1,1,789
screen3,1,790
screen3,1,791
screen3,1,792
screen1,1,793
screen1,1,794
screen1,1,795
screen1,1,796
screen1,1,797
screen1,1,798
screen1,1,799
screen1,1,800
screen3,1,801
screen3,1,802
screen1,1,803
screen3,1,804
screen1,1,805
screen1,1,806
screen1,1,807
screen1,1,808
screen1,1,809
screen1,1,810
screen1,1,811
screen1,1,812
screen1,1,813
screen1,1,814
screen1,1,815
screen3,1,816
screen1,1,817
screen1,1,818
screen1,1,819
screen1,1,820
screen1,1,821
screen1,1,822
screen3,1,823
screen1,1,824
screen1,1,825
screen3,1,826
screen1,1,827
screen1,1,828
screen1,1,829
screen1,1,830
screen1,1,831
screen3,1,832
screen1,1,833
screen1,1,834
screen3,1,835
screen1,1,836
screen1,1,837
screen1,1,838
screen1,1,839
screen1,1,840
screen1,1,841
screen1,1,842
screen1,1,843
screen1,1,844
screen1,1,845
screen1,1,846
screen1,1,847
screen1,1,848
screen1,1,849
screen1,1,850
screen1,1,851
screen1,1,852
screen3,1,853
screen1,1,854
screen3,1,855
screen1,1,856
screen1,1,857
screen3,1,858
screen1,1,859
screen3,1,860
screen3,1,861
screen1,1,862
screen1,1,863
screen1,1,864
screen1,1,865
screen1,1,866
screen1,1,867
screen1,1,868
screen1,1,869
screen1,1,870
screen1,1,871
screen3,1,872
screen1,1,873
screen1,1,874
screen1,1,875
screen1,1,876
screen1,1,877
screen3,1,878
screen1,1,879
screen1,1,880
screen1,1,881
screen1,1,882
screen1,1,883
screen1,1,884
screen1,1,885
screen1,1,886
screen1,1,887
screen3,1,888
screen1,1,889
screen1,1,890
screen1,1,891
screen1,1,892
screen1,1,893
screen1,1,894
screen1,1,895
screen1,1,896
screen1,1,897
screen1,1,898
screen1,1,899
screen1,1,900
screen3,1,901
screen1,1,902
screen1,1,903
screen1,1,904
screen1,1,905
screen1,1,906
screen1,1,907
screen1,1,908
screen1,1,909
screen3,1,910
screen3,1,911
screen1,1,912
screen1,1,913
screen1,1,914
screen1,1,915
screen1,1,916
screen1,1,917
screen1,1,918
screen1,1,919
screen1,1,920
screen1,1,921
screen1,1,922
screen1,1,923
screen3,1,924
screen1,1,925
screen1,1,926
screen3,1,927
screen1,1,928
screen1,1,929
screen1,1,930
screen1,1,931
screen1,1,932
screen3,1,933
screen3,1,934
screen1,1,935
screen1,1,936
screen1,1,937
screen1,1,938
screen1,1,939
screen1,1,940
screen1,1,941
screen1,1,942
screen1,1,943
screen1,1,944
screen1,1,945
screen1,1,946
screen1,1,947
screen1,1,948
screen1,1,949
screen1,1,950
screen3,1,951
screen3,1,952
screen1,1,953
screen1,1,954
screen3,1,955
screen1,1,956
screen1,1,957
screen1,1,958
screen1,1,959
screen1,1,960
screen1,1,961
screen1,1,962
screen1,1,963
screen3,1,964
screen1,1,965
screen1,1,966
screen1,1,967
screen1,1,968
screen1,1,969
screen3,1,970
screen3,1,971
screen3,1,972
screen1,1,973
screen1,1,974
screen3,1,975
screen1,1,976
screen1,1,977
screen1,1,978
screen1,1,979
screen1,1,980
screen1,1,981
screen3,1,982
screen3,1,983
screen1,1,984
screen1,1,985
screen1,1,986
screen1,1,987
screen1,1,988
screen1,1,989
screen1,1,990
screen1,1,991
screen1,1,992
screen1,1,993
screen1,1,994
screen3,1,995
screen3,1,996
screen1,1,997
screen3,1,998
screen1,1,999
screen2,2,0
screen1,2,1
screen1,2,2
screen1,2,3
screen1,2,4
screen1,2,5
screen1,2,6
screen1,2,7
screen3,2,8
screen1,2,9
screen1,2,10
screen1,2,11
screen1,2,12
screen3,2,13
screen2,2,14
screen2,2,15
screen1,2,16
screen1,2,17
screen2,2,18
screen1,2,19
screen1,2,20
screen2,2,21
screen1,2,22
screen1,2,23
screen1,2,24
screen2,2,25
screen2,2,26
screen3,2,27
screen1,2,28
screen1,2,29
screen3,2,30
screen1,2,31
screen1,2,32
screen2,2,33
screen1,2,34
screen2,2,35
screen1,2,36
screen1,2,37
screen1,2,38
screen1,2,39
screen1,2,40
screen1,2,41
screen2,2,42
screen1,2,43
screen1,2,44
screen2,2,45
screen1,2,46
screen2,2,47
screen1,2,48
screen1,2,49
screen1,2,50
screen1,2,51
screen1,2,52
screen1,2,53
screen2,2,54
screen1,2,55
screen2,2,56
screen1,2,57
screen1,2,58
screen2,2,59
screen2,2,60
screen1,2,61
screen1,2,62
screen2,2,63
screen1,2,64
screen1,2,65
screen1,2,66
screen1,2,67
screen1,2,68
screen2,2,69
screen2,2,70
screen2,2,71
screen1,2,72
screen1,2,73
screen1,2,74
screen1,2,75
screen1,2,76
screen2,2,77
screen1,2,78
screen1,2,79
screen1,2,80
screen2,2,81
screen2,2,82
screen1,2,83
screen1,2,84
screen2,2,85
screen1,2,86
screen2,2,87
screen2,2,88
screen1,2,89
screen1,2,90
screen1,2,91
screen1,2,92
screen2,2,93
screen1,2,94
screen2,2,95
screen1,2,96
screen1,2,97
screen1,2,98
screen1,2,99
screen2,2,100
screen2,2,101
screen1,2,102
screen2,2,103
screen1,2,104
screen2,2,105
screen1,2,106
screen1,2,107
screen1,2,108
screen1,2,109
screen2,2,110
screen1,2,111
screen1,2,112
screen1,2,113
screen1,2,114
screen1,2,115
screen1,2,116
screen1,2,117
screen1,2,118
screen1,2,119
screen1,2,120
screen2,2,121
screen1,2,122
screen3,2,123
screen1,2,124
screen1,2,125
screen1,2,126
screen1,2,127
screen2,2,128
screen2,2,129
screen2,2,130
screen1,2,131
screen1,2,132
screen1,2,133
screen1,2,134
screen1,2,135
screen2,2,136
screen1,2,137
screen1,2,138
screen2,2,139
screen2,2,140
screen1,2,141
screen1,2,142
screen1,2,143
screen2,2,144
screen1,2,145
screen1,2,146
screen2,2,147
screen1,2,148
screen1,2,149
screen1,2,150
screen1,2,151
screen1,2,152
screen1,2,153
screen1,2,154
screen2,2,155
screen1,2,156
screen1,2,157
screen1,2,158
screen2,2,159
screen1,2,160
screen1,2,161
screen1,2,162
screen2,2,163
screen1,2,164
screen1,2,165
screen1,2,166
screen2,2,167
screen2,2,168
screen2,2,169
screen1,2,170
screen1,2,171
screen2,2,172
screen2,2,173
screen2,2,174
screen1,2,175
screen1,2,176
screen3,2,177
screen2,2,178
screen2,2,179
screen1,2,180
screen2,2,181
screen1,2,182
screen1,2,183
screen2,2,184
screen1,2,185
screen1,2,186
screen2,2,187
screen1,2,188
screen1,2,189
screen1,2,190
screen1,2,191
screen2,2,192
screen1,2,193
screen2,2,194
screen1,2,195
screen2,2,196
screen1,2,197
screen2,2,198
screen1,2,199
screen1,2,200
screen1,2,201
screen1,2,202
screen1,2,203
screen3,2,204
screen1,2,205
screen1,2,206
screen1,2,207
screen3,2,208
screen3,2,209
screen1,2,210
screen1,2,211
screen1,2,212
screen3,2,213
screen1,2,214
screen1,2,215
screen4,2,216
screen1,2,217
screen2,2,218
screen1,2,219
screen1,2,220
screen1,2,221
screen1,2,222
screen1,2,223
screen1,2,224
screen1,2,225
screen3,2,226
screen1,2,227
screen1,2,228
screen1,2,229
screen3,2,230
screen2,2,231
screen1,2,232
screen1,2,233
screen1,2,234
screen1,2,235
screen1,2,236
screen1,2,237
screen4,2,238
screen3,2,239
screen1,2,240
screen1,2,241
screen3,2,242
screen1,2,243
screen1,2,244
screen3,2,245
screen3,2,246
screen1,2,247
screen1,2,248
screen3,2,249
screen1,2,250
screen1,2,251
screen3,2,252
screen2,2,253
screen1,2,254
screen1,2,255
screen1,2,256
screen3,2,257
screen1,2,258
screen3,2,259
screen1,2,260
screen3,2,261
screen1,2,262
screen3,2,263
screen3,2,264
screen3,2,265
screen1,2,266
screen1,2,267
screen1,2,268
screen3,2,269
screen1,2,270
screen1,2,271
screen1,2,272
screen3,2,273
screen1,2,274
screen2,2,275
screen3,2,276
screen1,2,277
screen3,2,278
screen1,2,279
screen1,2,280
screen1,2,281
screen1,2,282
screen1,2,283
screen3,2,284
screen1,2,285
screen1,2,286
screen1,2,287
screen1,2,288
screen1,2,289
screen1,2,290
screen1,2,291
screen3,2,292
screen3,2,293
screen1,2,294
screen1,2,295
screen1,2,296
screen1,2,297
screen1,2,298
screen1,2,299
screen1,2,300
screen3,2,301
screen1,2,302
screen1,2,303
screen3,2,304
screen3,2,305
screen1,2,306
screen1,2,307
screen4,2,308
screen1,2,309
screen1,2,310
screen3,2,311
screen1,2,312
screen3,2,313
screen1,2,314
screen1,2,315
screen3,2,316
screen1,2,317
screen1,2,318
screen1,2,319
screen1,2,320
screen1,2,321
screen1,2,322
screen3,2,323
screen1,2,324
screen3,2,325
screen1,2,326
screen1,2,327
screen1,2,328
screen2,2,329
screen1,2,330
screen1,2,331
screen3,2,332
screen2,2,333
screen1,2,334
screen1,2,335
screen1,2,336
screen4,2,337
screen1,2,338
screen1,2,339
screen4,2,340
screen1,2,341
screen1,2,342
screen1,2,343
screen3,2,344
screen3,2,345
screen1,2,346
screen1,2,347
screen1,2,348
screen3,2,349
screen1,2,350
screen3,2,351
screen1,2,352
screen1,2,353
screen3,2,354
screen1,2,355
screen1,2,356
screen3,2,357
screen1,2,358
screen1,2,359
screen1,2,360
screen1,2,361
screen3,2,362
screen1,2,363
screen1,2,364
screen1,2,365
screen1,2,366
screen3,2,367
screen1,2,368
screen1,2,369
screen1,2,370
screen3,2,371
screen1,2,372
screen3,2,373
screen1,2,374
screen1,2,375
screen1,2,376
screen1,2,377
screen1,2,378
screen1,2,379
screen1,2,380
screen1,2,381
screen3,2,382
screen1,2,383
screen3,2,384
screen3,2,385
screen3,2,386
screen1,2,387
screen1,2,388
screen1,2,389
screen1,2,390
screen3,2,391
screen1,2,392
screen1,2,393
screen1,2,394
screen1,2,395
screen2,2,396
screen1,2,397
screen3,2,398
screen1,2,399
screen3,2,400
screen1,2,401
screen3,2,402
screen3,2,403
screen1,2,404
screen1,2,405
screen1,2,406
screen1,2,407
screen3,2,408
screen1,2,409
screen1,2,410
screen3,2,411
screen3,2,412
screen1,2,413
screen3,2,414
screen3,2,415
screen1,2,416
screen3,2,417
screen1,2,418
screen1,2,419
screen3,2,420
screen1,2,421
screen1,2,422
screen1,2,423
screen1,2,424
screen1,2,425
screen1,2,426
screen3,2,427
screen1,2,428
screen3,2,429
screen3,2,430
screen1,2,431
screen1,2,432
screen2,2,433
screen1,2,434
screen1,2,435
screen1,2,436
screen1,2,437
screen1,2,438
screen1,2,439
screen3,2,440
screen1,2,441
screen3,2,442
screen3,2,443
screen1,2,444
screen1,2,445
screen3,2,446
screen3,2,447
screen1,2,448
screen1,2,449
screen1,2,450
screen1,2,451
screen3,2,452
screen3,2,453
screen1,2,454
screen1,2,455
screen1,2,456
screen1,2,457
screen1,2,458
screen1,2,459
screen3,2,460
screen2,2,461
screen3,2,462
screen1,2,463
screen1,2,464
screen4,2,465
screen1,2,466
screen3,2,467
screen1,2,468
screen1,2,469
screen3,2,470
screen1,2,471
screen3,2,472
screen1,2,473
screen4,2,474
screen1,2,475
screen1,2,476
screen1,2,477
screen1,2,478
screen3,2,479
screen1,2,480
screen3,2,481
screen1,2,482
screen1,2,483
screen1,2,484
screen1,2,485
screen1,2,486
screen1,2,487
screen3,2,488
screen1,2,489
screen1,2,490
screen3,2,491
screen2,2,492
screen1,2,493
screen1,2,494
screen3,2,495
screen1,2,496
screen3,2,497
screen1,2,498
screen1,2,499
screen3,2,500
screen3,2,501
screen3,2,502
screen3,2,503
screen1,2,504
screen1,2,505
screen3,2,506
screen1,2,507
screen2,2,508
screen1,2,509
screen4,2,510
screen1,2,511
screen1,2,512
screen1,2,513
screen1,2,514
screen1,2,515
screen3,2,516
screen3,2,517
screen1,2,518
screen1,2,519
screen1,2,520
screen3,2,521
screen1,2,522
screen3,2,523
screen1,2,524
screen1,2,525
screen1,2,526
screen1,2,527
screen1,2,528
screen1,2,529
screen2,2,530
screen3,2,531
screen1,2,532
screen1,2,533
screen1,2,534
screen4,2,535
screen1,2,536
screen1,2,537
screen1,2,538
screen1,2,539
screen1,2,540
screen1,2,541
screen1,2,542
screen1,2,543
screen1,2,544
screen1,2,545
screen1,2,546
screen1,2,547
screen1,2,548
screen1,2,549
screen1,2,550
screen3,2,551
screen3,2,552
screen1,2,553
screen1,2,554
screen3,2,555
screen1,2,556
screen1,2,557
screen3,2,558
screen1,2,559
screen1,2,560
screen3,2,561
screen1,2,562
screen1,2,563
screen4,2,564
screen1,2,565
screen3,2,566
screen3,2,567
screen1,2,568
screen1,2,569
screen1,2,570
screen2,2,571
screen1,2,572
screen1,2,573
screen1,2,574
screen1,2,575
screen1,2,576
screen3,2,577
screen3,2,578
screen1,2,579
screen3,2,580
screen1,2,581
screen3,2,582
screen1,2,583
screen1,2,584
screen3,2,585
screen1,2,586
screen3,2,587
screen1,2,588
screen3,2,589
screen1,2,590
screen1,2,591
screen3,2,592
screen1,2,593
screen1,2,594
screen1,2,595
screen3,2,596
screen1,2,597
screen3,2,598
screen1,2,599
screen1,2,600
screen3,2,601
screen1,2,602
screen1,2,603
screen3,2,604
screen1,2,605
screen1,2,606
screen1,2,607
screen1,2,608
screen1,2,609
screen1,2,610
screen3,2,611
screen2,2,612
screen1,2,613
screen3,2,614
screen1,2,615
screen1,2,616
screen1,2,617
screen1,2,618
screen1,2,619
screen3,2,620
screen3,2,621
screen1,2,622
screen1,2,623
screen1,2,624
screen1,2,625
screen3,2,626
screen1,2,627
screen1,2,628
screen1,2,629
screen1,2,630
screen1,2,631
screen1,2,632
screen1,2,633
screen1,2,634
screen1,2,635
screen3,2,636
screen1,2,637
screen1,2,638
screen1,2,639
screen1,2,640
screen1,2,641
screen3,2,642
screen3,2,643
screen3,2,644
screen1,2,645
screen3,2,646
screen1,2,647
screen1,2,648
screen1,2,649
screen3,2,650
screen1,2,651
screen1,2,652
screen3,2,653
screen3,2,654
screen1,2,655
screen1,2,656
screen1,2,657
screen1,2,658
screen1,2,659
screen3,2,660
screen3,2,661
screen3,2,662
screen1,2,663
screen1,2,664
screen1,2,665
screen1,2,666
screen3,2,667
screen1,2,668
screen4,2,669
screen2,2,670
screen3,2,671
screen1,2,672
screen1,2,673
screen2,2,674
screen1,2,675
screen1,2,676
screen1,2,677
screen1,2,678
screen3,2,679
screen1,2,680
screen3,2,681
screen2,2,682
screen3,2,683
screen1,2,684
screen1,2,685
screen3,2,686
screen1,2,687
screen3,2,688
screen1,2,689
screen1,2,690
screen1,2,691
screen3,2,692
screen1,2,693
screen1,2,694
screen1,2,695
screen1,2,696
screen1,2,697
screen3,2,698
screen1,2,699
screen1,2,700
screen1,2,701
screen1,2,702
screen1,2,703
screen1,2,704
screen1,2,705
screen1,2,706
screen3,2,707
screen1,2,708
screen3,2,709
screen1,2,710
screen1,2,711
screen4,2,712
screen1,2,713
screen1,2,714
screen1,2,715
screen1,2,716
screen3,2,717
screen1,2,718
screen1,2,719
screen1,2,720
screen1,2,721
screen4,2,722
screen1,2,723
screen3,2,724
screen3,2,725
screen1,2,726
screen3,2,727
screen1,2,728
screen4,2,729
screen3,2,730
screen1,2,731
screen1,2,732
screen1,2,733
screen1,2,734
screen1,2,735
screen1,2,736
screen2,2,737
screen1,2,738
screen1,2,739
screen1,2,740
screen3,2,741
screen1,2,742
screen1,2,743
screen1,2,744
screen3,2,745
screen1,2,746
screen1,2,747
screen1,2,748
screen1,2,749
screen2,2,750
screen1,2,751
screen3,2,752
screen1,2,753
screen1,2,754
screen1,2,755
screen1,2,756
screen1,2,757
screen3,2,758
screen1,2,759
screen1,2,760
screen3,2,761
screen1,2,762
screen1,2,763
screen3,2,764
screen1,2,765
screen3,2,766
screen1,2,767
screen4,2,768
screen1,2,769
screen1,2,770
screen1,2,771
screen1,2,772
screen1,2,773
screen1,2,774
screen3,2,775
screen1,2,776
screen1,2,777
screen3,2,778
screen1,2,779
screen1,2,780
screen3,2,781
screen3,2,782
screen1,2,783
screen1,2,784
screen1,2,785
screen1,2,786
screen1,2,787
screen1,2,788
screen1,2,789
screen3,2,790
screen4,2,791
screen3,2,792
screen1,2,793
screen1,2,794
screen1,2,795
screen1,2,796
screen1,2,797
screen3,2,798
screen3,2,799
screen3,2,800
screen3,2,801
screen3,2,802
screen1,2,803
screen3,2,804
screen1,2,805
screen1,2,806
screen1,2,807
screen1,2,808
screen1,2,809
screen1,2,810
screen1,2,811
screen1,2,812
screen1,2,813
screen1,2,814
screen1,2,815
screen2,2,816
screen1,2,817
screen1,2,818
screen3,2,819
screen1,2,820
screen1,2,821
screen1,2,822
screen2,2,823
screen1,2,824
screen1,2,825
screen2,2,826
screen1,2,827
screen1,2,828
screen1,2,829
screen1,2,830
screen1,2,831
screen4,2,832
screen1,2,833
screen1,2,834
screen4,2,835
screen3,2,836
screen1,2,837
screen3,2,838
screen1,2,839
screen1,2,840
screen1,2,841
screen1,2,842
screen1,2,843
screen1,2,844
screen1,2,845
screen3,2,846
screen3,2,847
screen1,2,848
screen1,2,849
screen1,2,850
screen1,2,851
screen1,2,852
screen3,2,853
screen3,2,854
screen3,2,855
screen3,2,856
screen1,2,857
screen3,2,858
screen1,2,859
screen4,2,860
screen3,2,861
screen3,2,862
screen1,2,863
screen1,2,864
screen1,2,865
screen1,2,866
screen1,2,867
screen1,2,868
screen1,2,869
screen1,2,870
screen1,2,871
screen3,2,872
screen1,2,873
screen1,2,874
screen1,2,875
screen1,2,876
screen3,2,877
screen3,2,878
screen1,2,879
screen1,2,880
screen1,2,881
screen1,2,882
screen1,2,883
screen1,2,884
screen1,2,885
screen1,2,886
screen1,2,887
screen3,2,888
screen1,2,889
screen1,2,890
screen1,2,891
screen1,2,892
screen1,2,893
screen3,2,894
screen1,2,895
screen1,2,896
screen1,2,897
screen1,2,898
screen1,2,899
screen1,2,900
screen3,2,901
screen1,2,902
screen1,2,903
screen1,2,904
screen1,2,905
screen1,2,906
screen1,2,907
screen1,2,908
screen1,2,909
screen3,2,910
screen3,2,911
screen1,2,912
screen1,2,913
screen3,2,914
screen1,2,915
screen1,2,916
screen1,2,917
screen1,2,918
screen1,2,919
screen1,2,920
screen1,2,921
screen1,2,922
screen1,2,923
screen3,2,924
screen1,2,925
screen1,2,926
screen3,2,927
screen1,2,928
screen1,2,929
screen1,2,930
screen1,2,931
screen1,2,932
screen3,2,933
screen2,2,934
screen1,2,935
screen1,2,936
screen1,2,937
screen1,2,938
screen1,2,939
screen1,2,940
screen1,2,941
screen1,2,942
screen3,2,943
screen1,2,944
screen1,2,945
screen3,2,946
screen1,2,947
screen1,2,948
screen3,2,949
screen1,2,950
screen3,2,951
screen3,2,952
screen1,2,953
screen1,2,954
screen3,2,955
screen3,2,956
screen1,2,957
screen1,2,958
screen3,2,959
screen3,2,960
screen1,2,961
screen1,2,962
screen1,2,963
screen2,2,964
screen1,2,965
screen1,2,966
screen1,2,967
screen1,2,968
screen1,2,969
screen2,2,970
screen3,2,971
screen3,2,972
screen1,2,973
screen1,2,974
screen3,2,975
screen1,2,976
screen1,2,977
screen1,2,978
screen1,2,979
screen3,2,980
screen1,2,981
screen3,2,982
screen4,2,983
screen1,2,984
screen3,2,985
screen1,2,986
screen1,2,987
screen1,2,988
screen1,2,989
screen1,2,990
screen3,2,991
screen3,2,992
screen1,2,993
screen1,2,994
screen3,2,995
screen3,2,996
screen1,2,997
screen4,2,998
screen3,2,999
screen2,3,0
screen1,3,1
screen2,3,2
screen1,3,3
screen1,3,4
screen1,3,5
screen1,3,6
screen1,3,7
screen3,3,8
screen1,3,9
screen1,3,10
screen1,3,11
screen1,3,12
screen2,3,13
screen2,3,14
screen3,3,15
screen2,3,16
screen1,3,17
screen2,3,18
screen1,3,19
screen1,3,20
screen2,3,21
screen1,3,22
screen2,3,23
screen1,3,24
screen2,3,25
screen2,3,26
screen3,3,27
screen2,3,28
screen1,3,29
screen4,3,30
screen1,3,31
screen1,3,32
screen2,3,33
screen1,3,34
screen2,3,35
screen2,3,36
screen2,3,37
screen1,3,38
screen1,3,39
screen2,3,40
screen2,3,41
screen2,3,42
screen1,3,43
screen2,3,44
screen2,3,45
screen2,3,46
screen2,3,47
screen1,3,48
screen1,3,49
screen2,3,50
screen1,3,51
screen1,3,52
screen1,3,53
screen2,3,54
screen1,3,55
screen2,3,56
screen1,3,57
screen1,3,58
screen3,3,59
screen2,3,60
screen1,3,61
screen1,3,62
screen2,3,63
screen1,3,64
screen1,3,65
screen2,3,66
screen2,3,67
screen1,3,68
screen2,3,69
screen3,3,70
screen2,3,71
screen1,3,72
screen1,3,73
screen1,3,74
screen1,3,75
screen1,3,76
screen2,3,77
screen1,3,78
screen1,3,79
screen1,3,80
screen2,3,81
screen2,3,82
screen1,3,83
screen2,3,84
screen2,3,85
screen1,3,86
screen3,3,87
screen2,3,88
screen1,3,89
screen1,3,90
screen1,3,91
screen1,3,92
screen2,3,93
screen1,3,94
screen2,3,95
screen2,3,96
screen1,3,97
screen1,3,98
screen1,3,99
screen2,3,100
screen2,3,101
screen1,3,102
screen2,3,103
screen1,3,104
screen2,3,105
screen1,3,106
screen2,3,107
screen1,3,108
screen2,3,109
screen2,3,110
screen1,3,111
screen2,3,112
screen2,3,113
screen1,3,114
screen2,3,115
screen1,3,116
screen1,3,117
screen1,3,118
screen1,3,119
screen1,3,120
screen2,3,121
screen2,3,122
screen4,3,123
screen1,3,124
screen1,3,125
screen1,3,126
screen1,3,127
screen2,3,128
screen3,3,129
screen2,3,130
screen1,3,131
screen1,3,132
screen1,3,133
screen1,3,134
screen1,3,135
screen2,3,136
screen1,3,137
screen1,3,138
screen2,3,139
screen2,3,140
screen1,3,141
screen1,3,142
screen1,3,143
screen3,3,144
screen2,3,145
screen2,3,146
screen2,3,147
screen2,3,148
screen1,3,149
screen1,3,150
screen2,3,151
screen1,3,152
screen1,3,153
screen1,3,154
screen2,3,155
screen2,3,156
screen2,3,157
screen1,3,158
screen2,3,159
screen1,3,160
screen1,3,161
screen1,3,162
screen3,3,163
screen1,3,164
screen1,3,165
screen2,3,166
screen3,3,167
screen2,3,168
screen2,3,169
screen1,3,170
screen1,3,171
screen2,3,172
screen2,3,173
screen2,3,174
screen1,3,175
screen2,3,176
screen3,3,177
screen2,3,178
screen2,3,179
screen2,3,180
screen2,3,181
screen2,3,182
screen1,3,183
screen2,3,184
screen1,3,185
screen1,3,186
screen3,3,187
screen1,3,188
screen1,3,189
screen1,3,190
screen2,3,191
screen2,3,192
screen1,3,193
screen2,3,194
screen1,3,195
screen2,3,196
screen1,3,197
screen2,3,198
screen1,3,199
screen3,3,200
screen1,3,201
screen3,3,202
screen1,3,203
screen3,3,204
screen1,3,205
screen3,3,206
screen1,3,207
screen3,3,208
screen4,3,209
screen1,3,210
screen3,3,211
screen1,3,212
screen2,3,213
screen1,3,214
screen1,3,215
screen1,3,217
screen2,3,218
screen3,3,219
screen1,3,220
screen3,3,221
screen3,3,222
screen1,3,223
screen1,3,224
screen1,3,225
screen3,3,226
screen1,3,227
screen1,3,228
screen1,3,229
screen4,3,230
screen2,3,231
screen1,3,232
screen3,3,233
screen1,3,234
screen1,3,235
screen1,3,236
screen1,3,237
screen3,3,239
screen1,3,240
screen1,3,241
screen3,3,242
screen1,3,243
screen1,3,244
screen2,3,245
screen2,3,246
screen3,3,247
screen1,3,248
screen3,3,249
screen1,3,250
screen1,3,251
screen2,3,252
screen2,3,253
screen1,3,254
screen3,3,255
screen1,3,256
screen3,3,257
screen1,3,258
screen3,3,259
screen1,3,260
screen3,3,261
screen3,3,262
screen4,3,263
screen3,3,264
screen3,3,265
screen1,3,266
screen3,3,267
screen1,3,268
screen4,3,269
screen1,3,270
screen1,3,271
screen3,3,272
screen3,3,273
screen1,3,274
screen2,3,275
screen3,3,276
screen3,3,277
screen3,3,278
screen3,3,279
screen1,3,280
screen1,3,281
screen1,3,282
screen1,3,283
screen3,3,284
screen1,3,285
screen1,3,286
screen1,3,287
screen1,3,288
screen1,3,289
screen1,3,290
screen1,3,291
screen3,3,292
screen3,3,293
screen3,3,294
screen1,3,295
screen1,3,296
screen1,3,297
screen3,3,298
screen1,3,299
screen1,3,300
screen3,3,301
screen1,3,302
screen1,3,303
screen3,3,304
screen3,3,305
screen1,3,306
screen1,3,307
screen1,3,309
screen1,3,310
screen4,3,311
screen1,3,312
screen3,3,313
screen1,3,314
screen1,3,315
screen3,3,316
screen1,3,317
screen1,3,318
screen1,3,319
screen1,3,320
screen1,3,321
screen1,3,322
screen3,3,323
screen1,3,324
screen2,3,325
screen1,3,326
screen1,3,327
screen3,3,328
screen2,3,329
screen1,3,330
screen1,3,331
screen3,3,332
screen2,3,333
screen1,3,334
screen3,3,335
screen1,3,336
screen3,3,338
screen1,3,339
screen1,3,341
screen1,3,342
screen1,3,343
screen3,3,344
screen3,3,345
screen1,3,346
screen1,3,347
screen1,3,348
screen3,3,349
screen1,3,350
screen4,3,351
screen3,3,352
screen1,3,353
screen3,3,354
screen1,3,355
screen1,3,356
screen3,3,357
screen1,3,358
screen3,3,359
screen1,3,360
screen1,3,361
screen3,3,362
screen1,3,363
screen3,3,364
screen1,3,365
screen1,3,366
screen3,3,367
screen1,3,368
screen1,3,369
screen1,3,370
screen4,3,371
screen1,3,372
screen3,3,373
screen1,3,374
screen1,3,375
screen3,3,376
screen1,3,377
screen1,3,378
screen1,3,379
screen1,3,380
screen1,3,381
screen3,3,382
screen1,3,383
screen2,3,384
screen3,3,385
screen3,3,386
screen1,3,387
screen1,3,388
screen1,3,389
screen1,3,390
screen3,3,391
screen3,3,392
screen1,3,393
screen3,3,394
screen3,3,395
screen2,3,396
screen3,3,397
screen4,3,398
screen1,3,399
screen3,3,400
screen3,3,401
screen2,3,402
screen3,3,403
screen1,3,404
screen3,3,405
screen3,3,406
screen1,3,407
screen3,3,408
screen1,3,409
screen1,3,410
screen2,3,411
screen4,3,412
screen1,3,413
screen2,3,414
screen2,3,415
screen1,3,416
screen2,3,417
screen3,3,418
screen1,3,419
screen3,3,420
screen1,3,421
screen1,3,422
screen1,3,423
screen3,3,424
screen1,3,425
screen1,3,426
screen3,3,427
screen1,3,428
screen4,3,429
screen2,3,430
screen3,3,431
screen1,3,432
screen2,3,433
screen1,3,434
screen1,3,435
screen1,3,436
screen1,3,437
screen1,3,438
screen1,3,439
screen3,3,440
screen1,3,441
screen3,3,442
screen4,3,443
screen1,3,444
screen1,3,445
screen3,3,446
screen3,3,447
screen3,3,448
screen1,3,449
screen1,3,450
screen1,3,451
screen3,3,452
screen3,3,453
screen3,3,454
screen3,3,455
screen1,3,456
screen1,3,457
screen3,3,458
screen1,3,459
screen4,3,460
screen2,3,461
screen2,3,462
screen3,3,463
screen1,3,464
screen1,3,466
screen3,3,467
screen1,3,468
screen1,3,469
screen3,3,470
screen1,3,471
screen3,3,472
screen1,3,473
screen3,3,475
screen1,3,476
screen1,3,477
screen1,3,478
screen2,3,479
screen1,3,480
screen2,3,481
screen1,3,482
screen1,3,483
screen3,3,484
screen1,3,485
screen3,3,486
screen3,3,487
screen3,3,488
screen1,3,489
screen1,3,490
screen3,3,491
screen2,3,492
screen1,3,493
screen1,3,494
screen3,3,495
screen1,3,496
screen2,3,497
screen1,3,498
screen1,3,499
screen3,3,500
screen2,3,501
screen2,3,502
screen3,3,503
screen1,3,504
screen1,3,505
screen3,3,506
screen1,3,507
screen2,3,508
screen1,3,509
screen1,3,511
screen1,3,512
screen1,3,513
screen1,3,514
screen1,3,515
screen3,3,516
screen4,3,517
screen1,3,518
screen1,3,519
screen1,3,520
screen4,3,521
screen1,3,522
screen3,3,523
screen1,3,524
screen1,3,525
screen1,3,526
screen1,3,527
screen3,3,528
screen3,3,529
screen2,3,530
screen2,3,531
screen1,3,532
screen1,3,533
screen1,3,534
screen1,3,536
screen1,3,537
screen1,3,538
screen1,3,539
screen1,3,540
screen3,3,541
screen1,3,542
screen3,3,543
screen3,3,544
screen1,3,545
screen1,3,546
screen1,3,547
screen1,3,548
screen3,3,549
screen3,3,550
screen4,3,551
screen3,3,552
screen1,3,553
screen1,3,554
screen3,3,555
screen1,3,556
screen1,3,557
screen4,3,558
screen3,3,559
screen3,3,560
screen3,3,561
screen3,3,562
screen1,3,563
screen1,3,565
screen2,3,566
screen2,3,567
screen1,3,568
screen1,3,569
screen1,3,570
screen2,3,571
screen1,3,572
screen1,3,573
screen1,3,574
screen1,3,575
screen1,3,576
screen2,3,577
screen4,3,578
screen1,3,579
screen4,3,580
screen1,3,581
screen3,3,582
screen1,3,583
screen1,3,584
screen4,3,585
screen3,3,586
screen3,3,587
screen1,3,588
screen3,3,589
screen3,3,590
screen1,3,591
screen3,3,592
screen1,3,593
screen1,3,594
screen1,3,595
screen3,3,596
screen1,3,597
screen3,3,598
screen3,3,599
screen1,3,600
screen3,3,601
screen3,3,602
screen1,3,603
screen4,3,604
screen1,3,605
screen1,3,606
screen1,3,607
screen1,3,608
screen1,3,609
screen3,3,610
screen3,3,611
screen2,3,612
screen3,3,613
screen3,3,614
screen1,3,615
screen1,3,616
screen1,3,617
screen1,3,618
screen1,3,619
screen3,3,620
screen2,3,621
screen1,3,622
screen1,3,623
screen1,3,624
screen1,3,625
screen3,3,626
screen1,3,627
screen1,3,628
screen1,3,629
screen3,3,630
screen1,3,631
screen1,3,632
screen3,3,633
screen1,3,634
screen1,3,635
screen3,3,636
screen1,3,637
screen1,3,638
screen1,3,639
screen1,3,640
screen1,3,641
screen3,3,642
screen2,3,643
screen2,3,644
screen3,3,645
screen4,3,646
screen1,3,647
screen1,3,648
screen1,3,649
screen2,3,650
screen1,3,651
screen1,3,652
screen4,3,653
screen4,3,654
screen1,3,655
screen3,3,656
screen1,3,657
screen1,3,658
screen1,3,659
screen2,3,660
screen3,3,661
screen2,3,662
screen1,3,663
screen1,3,664
screen1,3,665
screen1,3,666
screen3,3,667
screen1,3,668
screen2,3,670
screen2,3,671
screen1,3,672
screen1,3,673
screen2,3,674
screen3,3,675
screen3,3,676
screen1,3,677
screen1,3,678
screen3,3,679
screen1,3,680
screen3,3,681
screen2,3,682
screen3,3,683
screen1,3,684
screen1,3,685
screen3,3,686
screen1,3,687
screen3,3,688
screen1,3,689
screen1,3,690
screen1,3,691
screen3,3,692
screen1,3,693
screen1,3,694
screen3,3,695
screen1,3,696
screen1,3,697
screen3,3,698
screen1,3,699
screen1,3,700
screen1,3,701
screen3,3,702
screen1,3,703
screen1,3,704
screen1,3,705
screen1,3,706
screen3,3,707
screen1,3,708
screen3,3,709
screen1,3,710
screen1,3,711
screen1,3,713
screen1,3,714
screen1,3,715
screen1,3,716
screen3,3,717
screen3,3,718
screen3,3,719
screen1,3,720
screen3,3,721
screen3,3,723
screen3,3,724
screen3,3,725
screen3,3,726
screen2,3,727
screen1,3,728
screen3,3,730
screen1,3,731
screen1,3,732
screen3,3,733
screen1,3,734
screen1,3,735
screen1,3,736
screen2,3,737
screen3,3,738
screen3,3,739
screen1,3,740
screen3,3,741
screen1,3,742
screen3,3,743
screen3,3,744
screen3,3,745
screen1,3,746
screen1,3,747
screen1,3,748
screen1,3,749
screen2,3,750
screen1,3,751
screen3,3,752
screen1,3,753
screen1,3,754
screen1,3,755
screen1,3,756
screen1,3,757
screen3,3,758
screen1,3,759
screen1,3,760
screen4,3,761
screen1,3,762
screen3,3,763
screen3,3,764
screen1,3,765
screen3,3,766
screen1,3,767
screen3,3,769
screen1,3,770
screen1,3,771
screen1,3,772
screen1,3,773
screen3,3,774
screen3,3,775
screen1,3,776
screen1,3,777
screen4,3,778
screen1,3,779
screen1,3,780
screen3,3,781
screen3,3,782
screen1,3,783
screen1,3,784
screen1,3,785
screen1,3,786
screen1,3,787
screen1,3,788
screen1,3,789
screen2,3,790
screen3,3,792
screen3,3,793
screen3,3,794
screen1,3,795
screen1,3,796
screen1,3,797
screen3,3,798
screen3,3,799
screen3,3,800
screen3,3,801
screen3,3,802
screen1,3,803
screen3,3,804
screen3,3,805
screen1,3,806
screen1,3,807
screen1,3,808
screen1,3,809
screen1,3,810
screen1,3,811
screen1,3,812
screen1,3,813
screen1,3,814
screen1,3,815
screen2,3,816
screen1,3,817
screen1,3,818
screen4,3,819
screen1,3,820
screen1,3,821
screen1,3,822
screen2,3,823
screen1,3,824
screen1,3,825
screen2,3,826
screen1,3,827
screen3,3,828
screen1,3,829
screen1,3,830
screen1,3,831
screen1,3,833
screen1,3,834
screen3,3,836
screen1,3,837
screen3,3,838
screen1,3,839
screen1,3,840
screen3,3,841
screen1,3,842
screen1,3,843
screen3,3,844
screen1,3,845
screen2,3,846
screen3,3,847
screen1,3,848
screen1,3,849
screen1,3,850
screen1,3,851
screen1,3,852
screen3,3,853
screen3,3,854
screen3,3,855
screen2,3,856
screen1,3,857
screen4,3,858
screen1,3,859
screen3,3,861
screen3,3,862
screen1,3,863
screen1,3,864
screen1,3,865
screen1,3,866
screen1,3,867
screen1,3,868
screen1,3,869
screen1,3,870
screen1,3,871
screen3,3,872
screen1,3,873
screen1,3,874
screen1,3,875
screen3,3,876
screen3,3,877
screen3,3,878
screen1,3,879
screen1,3,880
screen1,3,881
screen3,3,882
screen1,3,883
screen3,3,884
screen3,3,885
screen3,3,886
screen1,3,887
screen3,3,888
screen1,3,889
screen1,3,890
screen1,3,891
screen1,3,892
screen1,3,893
screen2,3,894
screen1,3,895
screen1,3,896
screen1,3,897
screen1,3,898
screen3,3,899
screen1,3,900
screen3,3,901
screen1,3,902
screen1,3,903
screen1,3,904
screen1,3,905
screen1,3,906
screen1,3,907
screen1,3,908
screen1,3,909
screen3,3,910
screen3,3,911
screen1,3,912
screen3,3,913
screen4,3,914
screen1,3,915
screen1,3,916
screen1,3,917
screen3,3,918
screen1,3,919
screen1,3,920
screen1,3,921
screen1,3,922
screen1,3,923
screen3,3,924
screen1,3,925
screen1,3,926
screen3,3,927
screen1,3,928
screen3,3,929
screen1,3,930
screen1,3,931
screen1,3,932
screen3,3,933
screen2,3,934
screen1,3,935
screen3,3,936
screen1,3,937
screen3,3,938
screen3,3,939
screen1,3,940
screen1,3,941
screen1,3,942
screen4,3,943
screen3,3,944
screen1,3,945
screen3,3,946
screen1,3,947
screen3,3,948
screen3,3,949
screen1,3,950
screen3,3,951
screen3,3,952
screen1,3,953
screen3,3,954
screen3,3,955
screen3,3,956
screen1,3,957
screen1,3,958
screen4,3,959
screen4,3,960
screen3,3,961
screen1,3,962
screen1,3,963
screen2,3,964
screen1,3,965
screen1,3,966
screen1,3,967
screen1,3,968
screen1,3,969
screen2,3,970
screen3,3,971
screen3,3,972
screen1,3,973
screen1,3,974
screen4,3,975
screen1,3,976
screen1,3,977
screen1,3,978
screen1,3,979
screen3,3,980
screen3,3,981
screen4,3,982
screen1,3,984
screen3,3,985
screen3,3,986
screen1,3,987
screen1,3,988
screen1,3,989
screen1,3,990
screen2,3,991
screen4,3,992
screen1,3,993
screen1,3,994
screen3,3,995
screen3,3,996
screen1,3,997
screen3,3,999
screen2,4,0
screen1,4,1
screen2,4,2
screen1,4,3
screen1,4,4
screen1,4,5
screen1,4,6
screen1,4,7
screen3,4,8
screen2,4,9
screen1,4,10
screen1,4,11
screen1,4,12
screen2,4,13
screen3,4,14
screen3,4,15
screen2,4,16
screen2,4,17
screen2,4,18
screen1,4,19
screen1,4,20
screen3,4,21
screen2,4,22
screen2,4,23
screen1,4,24
screen2,4,25
screen2,4,26
screen3,4,27
screen2,4,28
screen2,4,29
screen1,4,31
screen2,4,32
screen2,4,33
screen1,4,34
screen2,4,35
screen2,4,36
screen2,4,37
screen1,4,38
screen1,4,39
screen2,4,40
screen3,4,41
screen2,4,42
screen1,4,43
screen2,4,44
screen2,4,45
screen2,4,46
screen2,4,47
screen1,4,48
screen2,4,49
screen3,4,50
screen1,4,51
screen1,4,52
screen1,4,53
screen2,4,54
screen1,4,55
screen2,4,56
screen1,4,57
screen2,4,58
screen3,4,59
screen2,4,60
screen1,4,61
screen1,4,62
screen2,4,63
screen1,4,64
screen1,4,65
screen2,4,66
screen3,4,67
screen1,4,68
screen2,4,69
screen3,4,70
screen2,4,71
screen2,4,72
screen1,4,73
screen1,4,74
screen2,4,75
screen1,4,76
screen3,4,77
screen1,4,78
screen2,4,79
screen1,4,80
screen3,4,81
screen2,4,82
screen1,4,83
screen2,4,84
screen3,4,85
screen1,4,86
screen3,4,87
screen2,4,88
screen1,4,89
screen1,4,90
screen1,4,91
screen1,4,92
screen2,4,93
screen1,4,94
screen3,4,95
screen2,4,96
screen1,4,97
screen1,4,98
screen1,4,99
screen3,4,100
screen2,4,101
screen1,4,102
screen2,4,103
screen1,4,104
screen2,4,105
screen1,4,106
screen2,4,107
screen1,4,108
screen2,4,109
screen2,4,110
screen1,4,111
screen2,4,112
screen2,4,113
screen2,4,114
screen2,4,115
screen1,4,116
screen1,4,117
screen1,4,118
screen1,4,119
screen1,4,120
screen2,4,121
screen2,4,122
screen1,4,124
screen2,4,125
screen2,4,126
screen1,4,127
screen2,4,128
screen3,4,129
screen2,4,130
screen2,4,131
screen1,4,132
screen2,4,133
screen1,4,134
screen2,4,135
screen2,4,136
screen1,4,137
screen1,4,138
screen3,4,139
screen2,4,140
screen1,4,141
screen1,4,142
screen1,4,143
screen3,4,144
screen2,4,145
screen3,4,146
screen2,4,147
screen2,4,148
screen1,4,149
screen2,4,150
screen2,4,151
screen1,4,152
screen1,4,153
screen1,4,154
screen3,4,155
screen2,4,156
screen2,4,157
screen1,4,158
screen3,4,159
screen2,4,160
screen1,4,161
screen2,4,162
screen2,4,163
screen1,4,164
screen2,4,165
screen2,4,166
screen3,4,167
screen2,4,168
screen2,4,169
screen1,4,170
screen1,4,171
screen2,4,172
screen2,4,173
screen2,4,174
screen1,4,175
screen2,4,176
screen3,4,177
screen3,4,178
screen3,4,179
screen2,4,180
screen3,4,181
screen2,4,182
screen1,4,183
screen2,4,184
screen1,4,185
screen1,4,186
screen3,4,187
screen1,4,188
screen1,4,189
screen2,4,190
screen2,4,191
screen2,4,192
screen1,4,193
screen2,4,194
screen1,4,195
screen2,4,196
screen1,4,197
screen2,4,198
screen2,4,199
screen4,4,200
screen3,4,201
screen3,4,202
screen1,4,203
screen3,4,204
screen3,4,205
screen3,4,206
screen1,4,207
screen2,4,208
screen3,4,210
screen2,4,211
screen1,4,212
screen2,4,213
screen1,4,214
screen1,4,215
screen1,4,217
screen2,4,218
screen2,4,219
screen1,4,220
screen3,4,221
screen3,4,222
screen1,4,223
screen3,4,224
screen3,4,225
screen3,4,226
screen3,4,227
screen3,4,228
screen1,4,229
screen2,4,231
screen1,4,232
screen3,4,233
screen3,4,234
screen1,4,235
screen1,4,236
screen1,4,237
screen3,4,239
screen1,4,240
screen1,4,241
screen4,4,242
screen1,4,243
screen1,4,244
screen2,4,245
screen2,4,246
screen3,4,247
screen1,4,248
screen3,4,249
screen1,4,250
screen1,4,251
screen2,4,252
screen2,4,253
screen1,4,254
screen3,4,255
screen1,4,256
screen3,4,257
screen1,4,258
screen3,4,259
screen1,4,260
screen3,4,261
screen3,4,262
screen3,4,264
screen3,4,265
screen3,4,266
screen3,4,267
screen3,4,268
screen3,4,270
screen3,4,271
screen3,4,272
screen3,4,273
screen1,4,274
screen2,4,275
screen2,4,276
screen3,4,277
screen3,4,278
screen3,4,279
screen1,4,280
screen1,4,281
screen1,4,282
screen1,4,283
screen3,4,284
screen1,4,285
screen1,4,286
screen1,4,287
screen1,4,288
screen1,4,289
screen1,4,290
screen1,4,291
screen2,4,292
screen3,4,293
screen3,4,294
screen1,4,295
screen1,4,296
screen1,4,297
screen3,4,298
screen1,4,299
screen3,4,300
screen4,4,301
screen3,4,302
screen1,4,303
screen2,4,304
screen2,4,305
screen1,4,306
screen1,4,307
screen1,4,309
screen1,4,310
screen1,4,312
screen4,4,313
screen1,4,314
screen3,4,315
screen3,4,316
screen1,4,317
screen1,4,318
screen1,4,319
screen1,4,320
screen1,4,321
screen1,4,322
screen3,4,323
screen1,4,324
screen2,4,325
screen1,4,326
screen1,4,327
screen3,4,328
screen2,4,329
screen1,4,330
screen3,4,331
screen2,4,332
screen2,4,333
screen1,4,334
screen3,4,335
screen1,4,336
screen3,4,338
screen1,4,339
screen3,4,341
screen1,4,342
screen1,4,343
screen2,4,344
screen3,4,345
screen3,4,346
screen3,4,347
screen1,4,348
screen4,4,349
screen1,4,350
screen2,4,352
screen1,4,353
screen3,4,354
screen3,4,355
screen1,4,356
screen3,4,357
screen3,4,358
screen2,4,359
screen3,4,360
screen1,4,361
screen3,4,362
screen1,4,363
screen4,4,364
screen1,4,365
screen1,4,366
screen3,4,367
screen1,4,368
screen1,4,369
screen1,4,370
screen3,4,372
screen3,4,373
screen1,4,374
screen1,4,375
screen3,4,376
screen3,4,377
screen1,4,378
screen1,4,379
screen1,4,380
screen1,4,381
screen3,4,382
screen3,4,383
screen2,4,384
screen3,4,385
screen4,4,386
screen1,4,387
screen3,4,388
screen1,4,389
screen3,4,390
screen2,4,391
screen3,4,392
screen1,4,393
screen3,4,394
screen2,4,395
screen2,4,396
screen3,4,397
screen1,4,399
screen3,4,400
screen3,4,401
screen2,4,402
screen4,4,403
screen1,4,404
screen4,4,405
screen3,4,406
screen1,4,407
screen3,4,408
screen1,4,409
screen1,4,410
screen2,4,411
screen1,4,413
screen2,4,414
screen2,4,415
screen1,4,416
screen2,4,417
screen2,4,418
screen1,4,419
screen3,4,420
screen1,4,421
screen1,4,422
screen3,4,423
screen3,4,424
screen1,4,425
screen3,4,426
screen4,4,427
screen1,4,428
screen2,4,430
screen3,4,431
screen1,4,432
screen2,4,433
screen1,4,434
screen1,4,435
screen1,4,436
screen1,4,437
screen1,4,438
screen1,4,439
screen3,4,440
screen1,4,441
screen3,4,442
screen1,4,444
screen1,4,445
screen3,4,446
screen4,4,447
screen3,4,448
screen1,4,449
screen3,4,450
screen1,4,451
screen4,4,452
screen3,4,453
screen2,4,454
screen4,4,455
screen1,4,456
screen1,4,457
screen2,4,458
screen1,4,459
screen2,4,461
screen2,4,462
screen3,4,463
screen1,4,464
screen1,4,466
screen3,4,467
screen3,4,468
screen1,4,469
screen2,4,470
screen1,4,471
screen3,4,472
screen1,4,473
screen4,4,475
screen1,4,476
screen3,4,477
screen1,4,478
screen2,4,479
screen3,4,480
screen2,4,481
screen1,4,482
screen1,4,483
screen3,4,484
screen1,4,485
screen3,4,486
screen2,4,487
screen3,4,488
screen1,4,489
screen1,4,490
screen3,4,491
screen2,4,492
screen1,4,493
screen1,4,494
screen3,4,495
screen1,4,496
screen2,4,497
screen1,4,498
screen1,4,499
screen3,4,500
screen2,4,501
screen2,4,502
screen3,4,503
screen1,4,504
screen1,4,505
screen3,4,506
screen1,4,507
screen2,4,508
screen1,4,509
screen1,4,511
screen1,4,512
screen1,4,513
screen1,4,514
screen1,4,515
screen3,4,516
screen1,4,518
screen1,4,519
screen1,4,520
screen1,4,522
screen3,4,523
screen1,4,524
screen1,4,525
screen3,4,526
screen1,4,527
screen3,4,528
screen4,4,529
screen2,4,530
screen2,4,531
screen1,4,532
screen1,4,533
screen1,4,534
screen3,4,536
screen1,4,537
screen1,4,538
screen1,4,539
screen1,4,540
screen3,4,541
screen1,4,542
screen4,4,543
screen2,4,544
screen1,4,545
screen1,4,546
screen3,4,547
screen1,4,548
screen3,4,549
screen3,4,550
screen3,4,552
screen1,4,553
screen1,4,554
screen3,4,555
screen1,4,556
screen3,4,557
screen3,4,559
screen3,4,560
screen2,4,561
screen3,4,562
screen1,4,563
screen1,4,565
screen2,4,566
screen2,4,567
screen1,4,568
screen1,4,569
screen1,4,570
screen2,4,571
screen1,4,572
screen1,4,573
screen1,4,574
screen1,4,575
screen1,4,576
screen2,4,577
screen1,4,579
screen1,4,581
screen4,4,582
screen1,4,583
screen1,4,584
screen3,4,586
screen2,4,587
screen1,4,588
screen4,4,589
screen3,4,590
screen1,4,591
screen2,4,592
screen1,4,593
screen3,4,594
screen1,4,595
screen4,4,596
screen1,4,597
screen3,4,598
screen3,4,599
screen1,4,600
screen4,4,601
screen3,4,602
screen1,4,603
screen3,4,605
screen1,4,606
screen1,4,607
screen1,4,608
screen3,4,609
screen3,4,610
screen3,4,611
screen2,4,612
screen3,4,613
screen3,4,614
screen3,4,615
screen1,4,616
screen1,4,617
screen1,4,618
screen1,4,619
screen3,4,620
screen2,4,621
screen1,4,622
screen1,4,623
screen1,4,624
screen1,4,625
screen3,4,626
screen1,4,627
screen1,4,628
screen1,4,629
screen2,4,630
screen1,4,631
screen1,4,632
screen3,4,633
screen1,4,634
screen1,4,635
screen3,4,636
screen3,4,637
screen1,4,638
screen3,4,639
screen1,4,640
screen1,4,641
screen3,4,642
screen2,4,643
screen2,4,644
screen2,4,645
screen3,4,647
screen1,4,648
screen1,4,649
screen2,4,650
screen1,4,651
screen1,4,652
screen1,4,655
screen2,4,656
screen1,4,657
screen1,4,658
screen1,4,659
screen2,4,660
screen3,4,661
screen2,4,662
screen3,4,663
screen1,4,664
screen3,4,665
screen1,4,666
screen2,4,667
screen1,4,668
screen2,4,670
screen2,4,671
screen1,4,672
screen1,4,673
screen2,4,674
screen3,4,675
screen3,4,676
screen1,4,677
screen1,4,678
screen3,4,679
screen1,4,680
screen3,4,681
screen2,4,682
screen3,4,683
screen1,4,684
screen1,4,685
screen3,4,686
screen1,4,687
screen3,4,688
screen1,4,689
screen1,4,690
screen1,4,691
screen3,4,692
screen1,4,693
screen1,4,694
screen3,4,695
screen1,4,696
screen1,4,697
screen3,4,698
screen1,4,699
screen1,4,700
screen3,4,701
screen3,4,702
screen1,4,703
screen3,4,704
screen1,4,705
screen1,4,706
screen3,4,707
screen1,4,708
screen3,4,709
screen1,4,710
screen1,4,711
screen3,4,713
screen1,4,714
screen1,4,715
screen1,4,716
screen3,4,717
screen3,4,718
screen3,4,719
screen1,4,720
screen3,4,721
screen4,4,723
screen3,4,724
screen4,4,725
screen2,4,726
screen2,4,727
screen1,4,728
screen3,4,730
screen1,4,731
screen1,4,732
screen2,4,733
screen1,4,734
screen1,4,735
screen1,4,736
screen2,4,737
screen4,4,738
screen3,4,739
screen1,4,740
screen2,4,741
screen1,4,742
screen3,4,743
screen3,4,744
screen3,4,745
screen1,4,746
screen1,4,747
screen1,4,748
screen1,4,749
screen2,4,750
screen1,4,751
screen3,4,752
screen1,4,753
screen3,4,754
screen3,4,755
screen1,4,756
screen1,4,757
screen2,4,758
screen3,4,759
screen1,4,760
screen3,4,762
screen3,4,763
screen3,4,764
screen1,4,765
screen3,4,766
screen1,4,767
screen2,4,769
screen1,4,770
screen1,4,771
screen1,4,772
screen1,4,773
screen2,4,774
screen2,4,775
screen1,4,776
screen1,4,777
screen1,4,779
screen1,4,780
screen2,4,781
screen3,4,782
screen1,4,783
screen1,4,784
screen1,4,785
screen1,4,786
screen1,4,787
screen1,4,788
screen1,4,789
screen2,4,790
screen3,4,792
screen2,4,793
screen3,4,794
screen1,4,795
screen3,4,796
screen1,4,797
screen3,4,798
screen3,4,799
screen3,4,800
screen3,4,801
screen4,4,802
screen1,4,803
screen4,4,804
screen3,4,805
screen1,4,806
screen1,4,807
screen1,4,808
screen1,4,809
screen3,4,810
screen1,4,811
screen1,4,812
screen1,4,813
screen3,4,814
screen1,4,815
screen2,4,816
screen1,4,817
screen3,4,818
screen1,4,820
screen1,4,821
screen1,4,822
screen2,4,823
screen1,4,824
screen1,4,825
screen2,4,826
screen3,4,827
screen3,4,828
screen1,4,829
screen1,4,830
screen1,4,831
screen1,4,833
screen1,4,834
screen3,4,836
screen1,4,837
screen4,4,838
screen1,4,839
screen3,4,840
screen4,4,841
screen1,4,842
screen1,4,843
screen3,4,844
screen3,4,845
screen2,4,846
screen2,4,847
screen3,4,848
screen1,4,849
screen1,4,850
screen3,4,851
screen1,4,852
screen3,4,853
screen3,4,854
screen3,4,855
screen2,4,856
screen1,4,857
screen1,4,859
screen4,4,861
screen3,4,862
screen1,4,863
screen1,4,864
screen1,4,865
screen1,4,866
screen1,4,867
screen1,4,868
screen3,4,869
screen1,4,870
screen1,4,871
screen3,4,872
screen1,4,873
screen3,4,874
screen3,4,875
screen2,4,876
screen3,4,877
screen3,4,878
screen3,4,879
screen1,4,880
screen1,4,881
screen3,4,882
screen1,4,883
screen3,4,884
screen4,4,885
screen3,4,886
screen1,4,887
screen3,4,888
screen1,4,889
screen1,4,890
screen1,4,891
screen3,4,892
screen1,4,893
screen2,4,894
screen1,4,895
screen3,4,896
screen1,4,897
screen1,4,898
screen3,4,899
screen1,4,900
screen3,4,901
screen1,4,902
screen1,4,903
screen1,4,904
screen1,4,905
screen3,4,906
screen1,4,907
screen1,4,908
screen1,4,909
screen3,4,910
screen3,4,911
screen1,4,912
screen3,4,913
screen1,4,915
screen1,4,916
screen1,4,917
screen3,4,918
screen1,4,919
screen1,4,920
screen3,4,921
screen1,4,922
screen3,4,923
screen3,4,924
screen3,4,925
screen1,4,926
screen3,4,927
screen1,4,928
screen3,4,929
screen1,4,930
screen3,4,931
screen1,4,932
screen3,4,933
screen2,4,934
screen1,4,935
screen3,4,936
screen1,4,937
screen4,4,938
screen3,4,939
screen3,4,940
screen1,4,941
screen3,4,942
screen3,4,944
screen3,4,945
screen3,4,946
screen1,4,947
screen3,4,948
screen4,4,949
screen1,4,950
screen3,4,951
screen3,4,952
screen1,4,953
screen3,4,954
screen3,4,955
screen3,4,956
screen1,4,957
screen1,4,958
screen3,4,961
screen3,4,962
screen1,4,963
screen2,4,964
screen3,4,965
screen1,4,966
screen1,4,967
screen1,4,968
screen1,4,969
screen2,4,970
screen2,4,971
screen2,4,972
screen1,4,973
screen1,4,974
screen1,4,976
screen1,4,977
screen1,4,978
screen1,4,979
screen3,4,980
screen2,4,981
screen1,4,984
screen3,4,985
screen4,4,986
screen3,4,987
screen1,4,988
screen3,4,989
screen1,4,990
screen2,4,991
screen1,4,993
screen1,4,994
screen3,4,995
screen3,4,996
screen1,4,997
screen3,4,999
